File,Word Count
C:\Users\hassa\OneDrive - Higher Education Commission\Desktop\PDC PROJECT\DB\(Book 3) Harry Potter And The Prisoner Of Azkaban_001.pdf,101486
C:\Users\hassa\OneDrive - Higher Education Commission\Desktop\PDC PROJECT\DB\(Book 7) Harry Potter And The Deathly Hallows.pdf,204882
C:\Users\hassa\OneDrive - Higher Education Commission\Desktop\PDC PROJECT\DB\(Oxford Political Theory) Joseph Carens - The Ethics of Immigration-Oxford University Press (2013)(Z-Lib.io).pdf,192421
C:\Users\hassa\OneDrive - Higher Education Commission\Desktop\PDC PROJECT\DB\(The Stormlight Archive_ The Cosmere) Brandon Sanderson - Wind and Truth(Z-Lib.io).pdf,518697
